{"loss": 8.497336387634277, "accuracy": 0.38260000944137573, "data_size": 10000}
{"loss": 8.232486724853516, "accuracy": 0.38260000944137573, "data_size": 10000}
{"loss": 4.645265102386475, "accuracy": 0.364300012588501, "data_size": 10000}
{"loss": 2.901188850402832, "accuracy": 0.37790000438690186, "data_size": 10000}
{"loss": 8.148314476013184, "accuracy": 0.38339999318122864, "data_size": 10000}
{"loss": 2.744062662124634, "accuracy": 0.45890000462532043, "data_size": 10000}
{"loss": 1.7330713272094727, "accuracy": 0.4429999887943268, "data_size": 10000}
{"loss": 1.2084585428237915, "accuracy": 0.5583000183105469, "data_size": 10000}
{"loss": 1.0595080852508545, "accuracy": 0.6431999802589417, "data_size": 10000}
{"loss": 0.7650485634803772, "accuracy": 0.7330999970436096, "data_size": 10000}
{"loss": 0.6926000714302063, "accuracy": 0.7615000009536743, "data_size": 10000}
{"loss": 0.5154146552085876, "accuracy": 0.8263000249862671, "data_size": 10000}
{"loss": 0.47674331068992615, "accuracy": 0.8391000032424927, "data_size": 10000}
{"loss": 0.4424225687980652, "accuracy": 0.8496999740600586, "data_size": 10000}
{"loss": 10.361716270446777, "accuracy": 0.38179999589920044, "data_size": 10000}
{"loss": 8.625006675720215, "accuracy": 0.37560001015663147, "data_size": 10000}
{"loss": 3.0139262676239014, "accuracy": 0.2409999966621399, "data_size": 10000}
{"loss": 6.392212867736816, "accuracy": 0.4065000116825104, "data_size": 10000}
{"loss": 3.8880274295806885, "accuracy": 0.2540999948978424, "data_size": 10000}
{"loss": 2.712339162826538, "accuracy": 0.31619998812675476, "data_size": 10000}
{"loss": 2.4250893592834473, "accuracy": 0.349700003862381, "data_size": 10000}
{"loss": 2.0631465911865234, "accuracy": 0.39809998869895935, "data_size": 10000}
{"loss": 1.8705079555511475, "accuracy": 0.4171999990940094, "data_size": 10000}
{"loss": 1.816953182220459, "accuracy": 0.4474000036716461, "data_size": 10000}
{"loss": 1.4315649271011353, "accuracy": 0.5267000198364258, "data_size": 10000}
{"loss": 1.2428045272827148, "accuracy": 0.5745000243186951, "data_size": 10000}
{"loss": 1.250319004058838, "accuracy": 0.5806000232696533, "data_size": 10000}
{"loss": 7.476606845855713, "accuracy": 0.38370001316070557, "data_size": 10000}
{"loss": 2.802626132965088, "accuracy": 0.4555000066757202, "data_size": 10000}
{"loss": 1.7355769872665405, "accuracy": 0.6093999743461609, "data_size": 10000}
{"loss": 1.4913955926895142, "accuracy": 0.6467999815940857, "data_size": 10000}
{"loss": 1.5551164150238037, "accuracy": 0.6141999959945679, "data_size": 10000}
{"loss": 1.2697179317474365, "accuracy": 0.6589000225067139, "data_size": 10000}
{"loss": 1.3054124116897583, "accuracy": 0.6384000182151794, "data_size": 10000}
{"loss": 1.110410451889038, "accuracy": 0.6725000143051147, "data_size": 10000}
{"loss": 1.059336543083191, "accuracy": 0.6811000108718872, "data_size": 10000}
{"loss": 1.1298004388809204, "accuracy": 0.6660000085830688, "data_size": 10000}
{"loss": 8.775609016418457, "accuracy": 0.4034000039100647, "data_size": 10000}
{"loss": 3.8095879554748535, "accuracy": 0.34279999136924744, "data_size": 10000}
{"loss": 2.6914432048797607, "accuracy": 0.4023999869823456, "data_size": 10000}
{"loss": 2.783154010772705, "accuracy": 0.39559999108314514, "data_size": 10000}
{"loss": 2.1883397102355957, "accuracy": 0.48669999837875366, "data_size": 10000}
{"loss": 1.8653626441955566, "accuracy": 0.5295000076293945, "data_size": 10000}
{"loss": 1.8524771928787231, "accuracy": 0.5388000011444092, "data_size": 10000}
{"loss": 1.637756586074829, "accuracy": 0.554099977016449, "data_size": 10000}
{"loss": 1.5104916095733643, "accuracy": 0.5663999915122986, "data_size": 10000}
{"loss": 1.418550968170166, "accuracy": 0.5864999890327454, "data_size": 10000}
{"loss": 6.047735691070557, "accuracy": 0.21469999849796295, "data_size": 10000}
{"loss": 2.3100688457489014, "accuracy": 0.5282999873161316, "data_size": 10000}
{"loss": 0.8995197415351868, "accuracy": 0.7017999887466431, "data_size": 10000}
{"loss": 0.9581440687179565, "accuracy": 0.6942999958992004, "data_size": 10000}
{"loss": 0.49823251366615295, "accuracy": 0.8504999876022339, "data_size": 10000}
{"loss": 0.698383629322052, "accuracy": 0.7687000036239624, "data_size": 10000}
{"loss": 0.4565499424934387, "accuracy": 0.8579999804496765, "data_size": 10000}
{"loss": 0.5421825051307678, "accuracy": 0.8289999961853027, "data_size": 10000}
{"loss": 0.40437212586402893, "accuracy": 0.8700000047683716, "data_size": 10000}
{"loss": 0.4533598721027374, "accuracy": 0.8579000234603882, "data_size": 10000}
{"loss": 8.188262939453125, "accuracy": 0.4068000018596649, "data_size": 10000}
{"loss": 4.428046226501465, "accuracy": 0.2824999988079071, "data_size": 10000}
{"loss": 3.09051775932312, "accuracy": 0.3294000029563904, "data_size": 10000}
{"loss": 2.875072956085205, "accuracy": 0.37209999561309814, "data_size": 10000}
{"loss": 2.3402462005615234, "accuracy": 0.4043000042438507, "data_size": 10000}
{"loss": 2.2697362899780273, "accuracy": 0.4480000138282776, "data_size": 10000}
{"loss": 2.0633363723754883, "accuracy": 0.4571000039577484, "data_size": 10000}
{"loss": 1.8359460830688477, "accuracy": 0.5045999884605408, "data_size": 10000}
{"loss": 1.7139109373092651, "accuracy": 0.5065000057220459, "data_size": 10000}
{"loss": 1.5372575521469116, "accuracy": 0.5371000170707703, "data_size": 10000}
{"loss": 7.8753662109375, "accuracy": 0.38119998574256897, "data_size": 10000}
{"loss": 2.9736690521240234, "accuracy": 0.3894999921321869, "data_size": 10000}
{"loss": 1.606217622756958, "accuracy": 0.44119998812675476, "data_size": 10000}
{"loss": 1.3658605813980103, "accuracy": 0.5073000192642212, "data_size": 10000}
{"loss": 1.074130654335022, "accuracy": 0.6323999762535095, "data_size": 10000}
{"loss": 0.9128847718238831, "accuracy": 0.6704000234603882, "data_size": 10000}
{"loss": 0.9762409925460815, "accuracy": 0.6588000059127808, "data_size": 10000}
{"loss": 0.7314716577529907, "accuracy": 0.7321000099182129, "data_size": 10000}
{"loss": 0.8080302476882935, "accuracy": 0.7336000204086304, "data_size": 10000}
{"loss": 0.5546541810035706, "accuracy": 0.8125, "data_size": 10000}
{"loss": 11.026063919067383, "accuracy": 0.053405340760946274, "data_size": 10000, "labels": "[0 1 2 3]"}
{"loss": 3.126566171646118, "accuracy": 0.18361836671829224, "data_size": 10000, "labels": "[0 1 2 3]"}
{"loss": 2.3846259117126465, "accuracy": 0.18031802773475647, "data_size": 10000, "labels": "[0 1 2 3]"}
{"loss": 1.3291740417480469, "accuracy": 0.4350435137748718, "data_size": 10000, "labels": "[0 1 2 3]"}
{"loss": 1.564281702041626, "accuracy": 0.37533754110336304, "data_size": 10000, "labels": "[0 1 2 3]"}
{"loss": 1.0303772687911987, "accuracy": 0.6342634558677673, "data_size": 10000, "labels": "[0 1 2 3]"}
{"loss": 0.9728574752807617, "accuracy": 0.6552655100822449, "data_size": 10000, "labels": "[0 1 2 3]"}
{"loss": 1.173217535018921, "accuracy": 0.5442544221878052, "data_size": 10000, "labels": "[0 1 2 3]"}
{"loss": 1.0086253881454468, "accuracy": 0.6375637650489807, "data_size": 10000, "labels": "[0 1 2 3]"}
{"loss": 0.856443464756012, "accuracy": 0.7068706750869751, "data_size": 10000, "labels": "[0 1 2 3]"}
{"loss": 0.04143456742167473, "accuracy": 0.9864986538887024, "data_size": 3333, "labels": "[0 1 2 3]"}
{"loss": 0.2982737421989441, "accuracy": 0.9258925914764404, "data_size": 3333, "labels": "[0 1 2 3]"}
{"loss": 0.17901763319969177, "accuracy": 0.9627962708473206, "data_size": 3333, "labels": "[0 1 2 3]"}
{"loss": 0.16624301671981812, "accuracy": 0.9624962210655212, "data_size": 3333, "labels": "[0 1 2 3]"}
{"loss": 0.20505371689796448, "accuracy": 0.9441944360733032, "data_size": 3333, "labels": "[0 1 2 3]"}
{"loss": 0.23331235349178314, "accuracy": 0.9333933591842651, "data_size": 3333, "labels": "[0 1 2 3]"}
{"loss": 0.17306441068649292, "accuracy": 0.9603960514068604, "data_size": 3333,